typewstr2,count,countsamp,conf,WallType
masonry cavity,16258818,9088,1789.042474,A
9 inch solid,4359046,1896,2299.074895,B
greater than 9 inch solid,1426086,663,2150.959276,C
mixed types,429354,211,2034.853081,D
timber/metal/plastic panels,322933,187,1726.914439,E
in situ concrete,222147,210,1057.842857,F
concrete panels,198660,216,919.7222222,G
masonry single leaf,36737,27,1360.62963,H
